单元名称,subject_id,type,中文名,年份,片长,评分,评价人数,国家,上映日期(中国大陆),语言,类型,主演,导演,IMDB编号
2025-04-22 “向大师致敬·阿涅斯·瓦尔达”,30423539,Movie,阿涅斯论瓦尔达,2019,1H55M,9.2,18229,法国,None,法语,纪录片,阿涅斯·瓦尔达,阿涅斯·瓦尔达,tt9530198
2025-04-22 “向大师致敬·阿涅斯·瓦尔达”,26764928,Movie,脸庞，村庄,2017,1H33M,9.1,93677,法国,None,法语,纪录片,阿涅斯·瓦尔达,阿涅斯·瓦尔达,tt5598102
2025-04-22 “向大师致敬·阿涅斯·瓦尔达”,1301279,Movie,拾穗者,2000,1H22M,9.1,11743,法国,None,法语,纪录片,Jean La Planche,阿涅斯·瓦尔达,tt0247380
2025-04-22 “向大师致敬·阿涅斯·瓦尔达”,1301432,Movie,101夜,1995,1H41M,7.7,817,英国,None,法语,喜剧,米歇尔·皮科利,阿涅斯·瓦尔达,tt0112654
2025-04-22 “向大师致敬·阿涅斯·瓦尔达”,1292445,Movie,天涯沦落女,1985,1H45M,8.3,12830,法国,None,法语,剧情,桑德里娜·博内尔,阿涅斯·瓦尔达,tt0089960
2025-04-22 “向大师致敬·阿涅斯·瓦尔达”,3563121,Movie,家屋风景,1984,0H28M,8.1,467,法国,None,法语,短片,埃尔威·米姆兰,阿涅斯·瓦尔达,tt0159938
2025-04-22 “向大师致敬·阿涅斯·瓦尔达”,1763691,Movie,尤利西斯,1982,0H22M,8.5,3753,法国,None,法语,纪录片/短片,Charles de Gaulle,阿涅斯·瓦尔达,tt0161034
2025-04-22 “向大师致敬·阿涅斯·瓦尔达”,2238785,Movie,墙的呢喃,1981,1H21M,8.1,799,法国,None,法语,纪录片,朱丽叶·贝尔托,阿涅斯·瓦尔达,tt0081204
2025-04-22 “向大师致敬·阿涅斯·瓦尔达”,2972735,Movie,达格雷街风情,1976,1H20M,8.6,1825,法国,None,法语,纪录片,阿涅斯·瓦尔达,阿涅斯·瓦尔达,tt0071384
2025-04-22 “向大师致敬·阿涅斯·瓦尔达”,1763688,Movie,扬科叔叔,1967,0H18M,8.3,2121,美国,None,英语,短片,Jean Varda,阿涅斯·瓦尔达,tt0179389
2025-04-22 “向大师致敬·阿涅斯·瓦尔达”,3067427,Movie,向古巴人致意,1964,0H30M,8.5,1588,法国,None,法语,动画/纪录片/短片,米歇尔·皮科利,阿涅斯·瓦尔达,tt0057466
2025-04-22 “向大师致敬·阿涅斯·瓦尔达”,1294565,Movie,五至七时的克莱奥,1962,1H30M,8.7,31477,法国,None,法语,剧情/喜剧/音乐,科琳娜·马尔尚,阿涅斯·瓦尔达,tt0055852
2025-04-22 “向大师致敬·阿涅斯·瓦尔达”,1475183,Movie,走近蓝色海岸,1958,0H25M,8.6,3556,法国,None,法语,纪录片/短片/历史,罗杰·科吉奥,阿涅斯·瓦尔达,tt0051561
2025-04-22 “向大师致敬·阿涅斯·瓦尔达”,1781001,Movie,穆府的歌剧,1958,0H16M,7.8,1246,法国,None,法语,纪录片/短片,Dorothée Blank,阿涅斯·瓦尔达,tt0052031
2025-04-22 “向大师致敬·阿涅斯·瓦尔达”,1297682,Movie,短岬村,1955,1H21M,7.6,3428,法国,None,法语,剧情,西尔维亚·蒙福尔,阿涅斯·瓦尔达,tt0048499
2025-04-28 “向大师致敬·巴斯特·基顿”,30295871,Movie,了不起的巴斯特,2018,1H42M,8.2,1831,美国,None,英语,纪录片/传记,巴斯特·基顿,彼得·博格丹诺维奇,tt8758548
2025-04-28 “向大师致敬·巴斯特·基顿”,1292963,Movie,船长二世,1928,1H10M,8.6,6096,美国,None,英语,剧情/喜剧/动作/爱情/家庭,巴斯特·基顿,查尔斯·赖斯纳,tt0019421
2025-04-28 “向大师致敬·巴斯特·基顿”,1292778,Movie,将军号,1926,1H7M,9.1,33975,美国,None,无对白,剧情/喜剧/动作/战争/冒险,巴斯特·基顿,巴斯特·基顿,tt0017925
2025-04-28 “向大师致敬·巴斯特·基顿”,1293598,Movie,西行,1925,1H9M,7.9,1661,美国,None,英语,喜剧/西部,巴斯特·基顿,巴斯特·基顿,tt0015863
2025-04-28 “向大师致敬·巴斯特·基顿”,1300352,Movie,七次机会,1925,0H56M,8.9,16256,美国,None,英语,喜剧/爱情,巴斯特·基顿,巴斯特·基顿,tt0016332
2025-04-28 “向大师致敬·巴斯特·基顿”,1303408,Movie,福尔摩斯二世,1924,0H45M,9.4,31940,美国,None,无对白,喜剧/动作/爱情,巴斯特·基顿,巴斯特·基顿,tt0015324
2025-04-28 “向大师致敬·巴斯特·基顿”,1293618,Movie,航海家,1924,0H59M,8.2,3273,美国,None,无对白,喜剧/动作/爱情,巴斯特·基顿,唐纳德·克里斯普,tt0015163
2025-04-28 “向大师致敬·巴斯特·基顿”,1476456,Movie,剧院,1921,0H22M,8.5,2891,美国,None,英语,喜剧/短片/奇幻,巴斯特·基顿,爱德华·克莱因,tt0012570
2025-04-28 “向大师致敬·巴斯特·基顿”,1958170,Movie,替罪羊,1921,0H27M,8.3,2933,美国,None,英语,喜剧/短片,巴斯特·基顿,巴斯特·基顿,tt0012224
2025-04-28 “向大师致敬·巴斯特·基顿”,1867773,Movie,船,1921,0H25M,7.5,1460,美国,None,英语,喜剧/短片/家庭,巴斯特·基顿,爱德华·克莱因,tt0011984
2025-04-28 “向大师致敬·巴斯特·基顿”,1867775,Movie,暗号,1921,0H21M,8.6,3075,美国,None,英语,喜剧/短片,巴斯特·基顿,爱德华·克莱因,tt0012278
2025-04-28 “向大师致敬·巴斯特·基顿”,1867780,Movie,一周,1920,0H25M,9.2,9779,美国,None,英语,喜剧/短片,巴斯特·基顿,爱德华·克莱因,tt0011541
2025-04-30 “系列电影单元·警察故事”,1296203,Movie,警察故事3：超级警察,1992,1H36M,7.9,76589,中国香港,None,粤语,喜剧/动作/犯罪,成龙,唐季礼,tt0104558
2025-04-30 “系列电影单元·警察故事”,1304726,Movie,警察故事续集,1988,1H46M,7.8,70242,中国香港,None,粤语,喜剧/动作/犯罪,成龙,成龙,tt0095403
2025-04-30 “系列电影单元·警察故事”,1400868,Movie,警察故事,1985,1H41M,8.2,132851,中国香港,None,粤语,喜剧/动作/惊悚/犯罪,成龙,成龙,tt0089374
2025-05-06 午夜惊奇｜“走进大卫·林奇的梦境”,5041579,Movie,大卫·林奇：艺术人生,2016,1H28M,7.2,1904,美国,None,英语,纪录片,大卫·林奇,乔恩·阮,tt1691152
2025-05-06 午夜惊奇｜“走进大卫·林奇的梦境”,1438734,Movie,内陆帝国,2006,3H0M,7.9,13797,法国,None,英语,剧情/悬疑/惊悚,劳拉·邓恩,大卫·林奇,tt0460829
2025-05-06 午夜惊奇｜“走进大卫·林奇的梦境”,1292217,Movie,穆赫兰道,2001,2H27M,8.4,483546,法国,None,英语,剧情/悬疑/惊悚,娜奥米·沃茨,大卫·林奇,tt0166924
2025-05-06 午夜惊奇｜“走进大卫·林奇的梦境”,1298506,Movie,史崔特先生的故事,1999,1H52M,8.5,37981,法国,None,英语,剧情/传记,茜茜·斯派塞克,大卫·林奇,tt0166896
2025-05-06 午夜惊奇｜“走进大卫·林奇的梦境”,1303459,Movie,妖夜慌踪,1997,2H14M,8.1,35967,法国,None,英语,悬疑/惊悚,比尔·普尔曼,大卫·林奇,tt0116922
2025-05-06 午夜惊奇｜“走进大卫·林奇的梦境”,1303472,Movie,双峰：与火同行,1992,2H15M,8,14991,法国,None,英语,剧情/悬疑/惊悚/恐怖,雪莉·李,大卫·林奇,tt0105665
2025-05-06 午夜惊奇｜“走进大卫·林奇的梦境”,1298697,Movie,蓝丝绒,1986,2H0M,7.6,52489,美国,None,英语,悬疑/惊悚/犯罪,伊莎贝拉·罗西里尼,大卫·林奇,tt0090756
2025-05-06 午夜惊奇｜“走进大卫·林奇的梦境”,1293925,Movie,橡皮头,1977,1H29M,7.9,20714,美国,None,英语,恐怖/奇幻,杰克·南斯,大卫·林奇,tt0074486
2025-05-08 “4K修复”单元,1304634,Movie,小河马,1975,1H26M,暂无评分,暂无评分,匈牙利,None,英语,剧情/动画/家庭,Jimmy,József Gémes,tt0074657
2025-05-08 “4K修复”单元,1788940,Movie,扶桑花女孩,2006,2H1M,8,28335,日本,None,日语,剧情/喜剧,松雪泰子,李相日,tt0768116
2025-05-08 “4K修复”单元,1300044,Movie,谋杀绿脚趾,1998,1H57M,7.7,66210,美国,None,英语,喜剧/犯罪,杰夫·布里吉斯,乔尔·科恩,tt0118715
2025-05-08 “4K修复”单元,1295374,Movie,金玉满堂,1995,1H46M,8.2,110250,中国香港,None,粤语,喜剧/爱情,张国荣,徐克,tt0113475
2025-05-08 “4K修复”单元,1300064,Movie,家有喜事,1992,1H40M,8.5,311649,中国香港,None,粤语,剧情/喜剧/爱情/家庭,张国荣,高志森,tt0104553
2025-05-08 “4K修复”单元,1401175,Movie,死之棘,1990,1H55M,7.7,2582,日本,None,日语,剧情,松坂庆子,小栗康平,tt0131012
2025-05-08 “4K修复”单元,1291865,Movie,流浪者,1951,3H13M,8.4,5573,印度,None,印地语,剧情/爱情/歌舞,拉兹·卡普尔,拉兹·卡普尔,tt0043306
2025-05-08 “4K修复”单元,1298733,Movie,日落大道,1950,1H50M,8.8,73838,美国,None,英语,剧情/黑色电影,威廉·霍尔登,比利·怀尔德,tt0043014
2025-05-09 “名导新作”单元,36977633,Movie,幻嗅,2024,4H5M,7.7,168,菲律宾,None,菲律宾语,剧情,Ronnie Lazaro,拉夫·迪亚兹,tt32982068
2025-05-09 “名导新作”单元,35573318,Movie,孤寂午后,2024,2H5M,7.5,2064,西班牙,None,西班牙语,纪录片,Andrés Roca Rey,阿尔伯特·塞拉,tt26245982
2025-05-09 “名导新作”单元,36961962,Movie,大自然对你说了什么,2025,1H48M,7.8,235,韩国,None,韩语,剧情,河成国,洪常秀,tt35499025
2025-05-09 “影展精粹”单元,36253688,Movie,爱的暂停键,2024,1H41M,7.6,2594,挪威,None,挪威语,剧情/爱情,赫尔加·古莲,莉莉娅·英戈尔夫斯多蒂尔,tt26629652
2025-05-09 “影展精粹”单元,36493869,Movie,天空的另一面,2025,1H25M,7.8,1475,巴西,None,葡萄牙语,剧情/科幻/奇幻/冒险,黛丽丝·韦恩伯格,加布里埃尔·马斯卡罗,tt35340614
2025-05-09 “影展精粹”单元,36741289,Movie,德黑兰故事,2024,1H23M,暂无评分,暂无评分,德国,None,波斯语,剧情,阿拉什·奈米安,谢哈布·福图希,tt33355331
2025-05-09 “影展精粹”单元,36890035,Movie,在溪边,2024,1H51M,7.5,7360,韩国,None,韩语,剧情,金敏喜,洪常秀,tt32880592
2025-05-09 “世界首作”单元,36801843,Movie,青空在上，身在山谷,2024,1H31M,暂无评分,暂无评分,斯洛伐克,None,斯洛伐克语,剧情,Michal Zachensky,卡塔琳娜·格拉玛托娃,tt28444100
2025-05-09 “世界首作”单元,36909140,Movie,第二次机会,2024,1H44M,暂无评分,暂无评分,印度,None,英语,剧情,N/A,苏巴德拉·马哈詹,tt30150182
2025-05-09 “世界首作”单元,36742572,Movie,巴黎夏日,2025,1H17M,8.2,1564,法国,None,法语,剧情,布兰迪尼·马德克,瓦伦丁·卡迪奇,tt35489613
2025-05-09 “世界首作”单元,36731290,Movie,三到五月,2024,1H25M,暂无评分,暂无评分,捷克,None,N/A,N/A,祖扎娜·菲亚洛娃,马丁·帕沃尔·雷普卡,tt32478174
2025-05-09 “世界首作”单元,35897396,Movie,风吹来的地方,2025,1H36M,暂无评分,暂无评分,突尼斯,None,阿拉伯语,剧情,Eya Bellagha,Amel Guellaty,tt31392191
2025-05-12 “今日亚洲·年度亚洲电影”单元 ,37046033,Movie,最爱今日天空，我却无法言明,2024,2H7M,5.9,167,日本,None,日语,剧情/爱情,萩原利久,大九明子,tt34278653
2025-05-12 “今日亚洲·年度亚洲电影”单元 ,37037753,Movie,在长椅上 剧场版,2024,1H26M,7.9,194,日本,None,日语,剧情,广濑铃,奥山由之,tt33477504
2025-05-12 “今日亚洲·年度亚洲电影”单元 ,37279599,Movie,佐藤妻夫物语,2025,1H54M,暂无评分,暂无评分,日本,None,日语,剧情,岸井雪乃,天野千寻,tt36268109
2025-05-12 “今日亚洲·年度亚洲电影”单元 ,36587946,Movie,巴黎大饭店,2024,1H51M,6.8,488,日本,None,日语,剧情,木村拓哉,冢原亚由子,tt32868318
2025-05-12 “今日亚洲·年度亚洲电影”单元 ,37235771,Movie,旅途愉快,2025,1H44M,暂无评分,暂无评分,日本,None,日语,剧情/喜剧/爱情,佐野弘樹,足立绅,tt36579008
2025-05-13 “SIFF动画”单元 ,35516786,Movie,燃比娃,2025,1H15M,暂无评分,暂无评分,中国大陆,None,汉语普通话,动画,周迅,李文愉,tt35444105
2025-05-13 “SIFF动画”单元 ,36562965,Movie,砂制时镜下的疗养院,2024,1H16M,5.9,223,英国,None,波兰语,动画/奇幻,Tadeusz Janiszewski,史蒂芬·奎,tt33069917
2025-05-13 “SIFF动画”单元 ,36394670,Movie,花园编舟记,2024,1H15M,暂无评分,暂无评分,法国,None,法语,动画/冒险,Elias Hauter,让-弗朗索瓦·拉吉奥,tt32264775
2025-05-13 “SIFF动画”单元 ,35172571,Movie,奶奶身后事,2025,1H11M,暂无评分,暂无评分,斯洛伐克,None,捷克语,动画/家庭,米库拉斯·奇泽克,Patrik Pašš Jr.,tt10312938
2025-05-13 “SIFF动画”单元 ,35633079,Movie,太空见习生,2025,1H26M,暂无评分,暂无评分,加拿大,None,无对白,动画,N/A,考拉小子,tt26446095
2025-05-13 “SIFF动画”单元 ,36950864,Movie,凡尔赛玫瑰,2025,1H53M,6.1,323,日本,None,日语,动画/古装,平野绫,吉村爱,tt21996220
2025-05-13 “SIFF动画”单元 ,36990306,Movie,怪化猫：火鼠,2025,1H14M,暂无评分,暂无评分,日本,None,日语,动画/悬疑/恐怖,长岛雄一,铃木清崇,tt35301440
2025-05-13 “SIFF动画”单元 ,37350912,Movie,猫小姐莫西,2025,1H25M,尚未上映,尚未上映,荷兰,None,N/A,喜剧/动画/冒险,芭芭拉·萨拉菲安,文森特·巴尔,tt33996352
